{
    "bayi":{
            "name": "Bayi",
            "old_price": "19.900",
            "best_seller": false,
            "price": "14.900",
            "registered_member": 938,
            "power": "0.5X",
            "disk_space": "500MB",
            "bandwidth": "Unlimited",
            "pop_email": false,
            "databases": "Unlimited",
            "addon_domain": false,
            "backup_restore": false,
            "backup": "Instant",
            "domain": "1    ",
            "ssl": "Unlimited SSL",
            "name_server": false,
            "mail_protection": false,
            "support": false,
            "star": false
    },
    "pelajar": {
        "name": "Pelajar",
        "best_seller": false,
        "old_price": "46.900",
        "price": "23.450",
        "registered_member": "4.168",
        "power": "1X",
        "disk_space": "Unlimited",
        "bandwidth": "Unlimited",
        "pop_email": "Unlimited",
        "databases": "Unlimited",
        "addon_domain": "10",
        "backup_restore": false,
        "backup": "Instant",
        "domain": "Domain Gratis",
        "ssl": "Unlimited SSL",
        "name_server": false,
        "mail_protection": false,
        "support": false,
        "star": false
    },
    "personal": {
        "name": "Personal",
        "best_seller": true,
        "old_price": "58.900",
        "price": "38.900",
        "registered_member": "10.017",
        "power": "2X",
        "disk_space": "Unlimited",
        "bandwidth": "Unlimited",
        "pop_email": "Unlimited",
        "databases": "Unlimited",
        "addon_domain": "Unlimited",
        "backup_restore": false,
        "backup": "Instant",
        "domain": "Domain Gratis",
        "ssl": "Unlimited SSL",
        "name_server": "Private",
        "mail_protection": "SpamAssasin",
        "support": false,
        "star": false
    },
    "bisnis": {
        "name": "Bisnis",
        "best_seller": false,
        "old_price": "109.900",
        "price": "65.900",
        "registered_member": "3.552",
        "power": "3X",
        "disk_space": "Unlimited",
        "bandwidth": "Unlimited",
        "pop_email": "Unlimited",
        "databases": "Unlimited",
        "addon_domain": "Unlimited",
        "backup": false,
        "backup_restore": "Magic Auto",
        "domain": "Domain Gratis",
        "ssl": "Unlimited SSL",
        "name_server": "Private",
        "support": "Prioritas",
        "star": 5,
        "mail_protection": "SpamAssasin"
    }
}